Плитка Мозаика 10x10 см цвет белый глянец,Стройдвор,2000
Ламинат Дуб Античный серый 32 класс толщина 8 мм с фаской,Самоделка,3000
Фанера ФСФ 1800х1200х27 мм бежевая береза,Деревянные изделия,1000
"Бетонная плитка Белый кирпич микс 30х7,3 см",Декор и отделка,9500
Фанера ФСФ 1800х1200х27 мм бежевая береза,Паркет,2000
"Гипсовая плитка настенная Дом на берегу кирпич белый 18,5х4,5 см",Дом и сад,1100
Плита ДСП Кантри 16 мм 900x1200 мм,Легкий шаг,5000
Фанера ФСФ 1800х1200х27 мм бежевая береза,СтройМатериалы,2500
Мягкие панели прямоугольник велюр цвет оливковый 600х300х35 мм,Мир отделки,6000
Стеновая панель МДФ Флора 1440x500x10 мм,Технологии комфорта,7000
Плитка Мозаика 10x10 см цвет белый глянец,Твой дом,5000
Плитка Мозаика 10x10 см цвет белый глянец,Новые краски,7500
Фанера ФСФ 1800х1200х27 мм бежевая береза,Политехник,3000
"Гипсовая плитка настенная Дом на берегу кирпич белый 18,5х4,5 см",СтройАрсенал,500
Пробковое настенное покрытие 600х300х3 мм белый,Декор и порядок,7000
Плита ДСП 11 мм влагостойкая 594x1815 мм,Умные решения,4000
Фанера ФСФ 1800х1200х27 мм бежевая береза,Натуральные покрытия,3500
Фанера ФСФ 1800х1200х27 мм бежевая береза,СтройМастер,7900
Плитка настенная Цветок 60x120 см цвет зелено-голубой,Гранит,9600
Плитка настенная Цветок 60x120 см цвет зелено-голубой,Строитель,1200
Плитка настенная Формат 20x40 см матовая цвет мята,Стройдвор,1500
Ламинат Канди Дизайн 33 класс толщина 8 мм с фаской,Самоделка,3000
Мягкие панели прямоугольник велюр цвет оливковый 600х300х35 мм,Деревянные изделия,3010
"Бетонная плитка Красный кирпич 20x6,5 см",Декор и отделка,3020
Ламинат Дуб Античный серый 32 класс толщина 8 мм с фаской,Паркет,3050
"Клинкерная плитка коричневая 29,8х29,8 см",Дом и сад,3040
Ламинат Дуб Северный белый 32 класс толщина 8 мм с фаской,Легкий шаг,3050
Плитка Мозаика 10x10 см цвет белый глянец,СтройМатериалы,3060
"Гипсовая плитка настенная Дом на берегу кирпич белый 18,5х4,5 см",Мир отделки,3070
Плита ДСП 11 мм влагостойкая 594x1815 мм,Технологии комфорта,5400
Плита ДСП Кантри 16 мм 900x1200 мм,Твой дом,5500
Плитка настенная Формат 20x40 см матовая цвет мята,Новые краски,5600
Плита ДСП 11 мм влагостойкая 594x1815 мм,Политехник,5700
"Клинкерная плитка коричневая 29,8х29,8 см",СтройАрсенал,5800
Мягкие панели прямоугольник велюр цвет оливковый 600х300х35 мм,Декор и порядок,5900
Плита ДСП Кантри 16 мм 900x1200 мм,Умные решения,6000
Стеновая панель МДФ Флора 1440x500x10 мм,Натуральные покрытия,6100
Плита ДСП 11 мм влагостойкая 594x1815 мм,СтройМастер,8000
"Бетонная плитка Белый кирпич микс 30х7,3 см",Гранит,7060
Плитка настенная Нева 30x60 см цвет серый,Строитель,6120
Плитка  настенная Цветок 60x120 см цвет зелено-голубой,Стройдвор,5180
Ламинат с натуральным шпоном Дуб Эксперт толщина 6 мм с фаской,Самоделка,4240
Ламинат с натуральным шпоном Дуб Эксперт толщина 6 мм с фаской,Деревянные изделия,3300
Ламинат с натуральным шпоном Дуб Эксперт толщина 6 мм с фаской,Декор и отделка,2360
Ламинат Канди Дизайн 33 класс толщина 8 мм с фаской,Паркет,1420
Плитка настенная Формат 20x40 см матовая цвет мята,Дом и сад,1500
Ламинат Дуб Античный серый 32 класс толщина 8 мм с фаской,Легкий шаг,1700
Плита ДСП Кантри 16 мм 900x1200 мм,СтройМатериалы,1900
Плитка настенная Цветок 60x120 см цвет зелено-голубой,Мир отделки,2100
Плита ДСП Кантри 16 мм 900x1200 мм,Технологии комфорта,2300
Ламинат Канди Дизайн 33 класс толщина 8 мм с фаской,Твой дом,2500
Плитка настенная Цветок 60x120 см цвет зелено-голубой,Новые краски,2700
Плита ДСП Кантри 16 мм 900x1200 мм,Политехник,2900
Фанера ФСФ 1800х1200х27 мм бежевая береза,СтройАрсенал,3100
"Гипсовая плитка настенная Дом на берегу кирпич белый 18,5х4,5 см",Декор и порядок,3300
Дерево волокнистая плита Дуб Винтаж 1200х620х3 мм светло-коричневый,Умные решения,3500
Ламинат с натуральным шпоном Дуб Эксперт толщина 6 мм с фаской,Натуральные покрытия,3750
"Клинкерная плитка коричневая 29,8х29,8 см",СтройМастер,6700
"Бетонная плитка Красный кирпич 20x6,5 см",Гранит,6950
Плитка настенная Формат 20x40 см матовая цвет мята,Строитель,7200
Плитка настенная Нева 30x60 см цвет серый,Стройдвор,7450
Ламинат Дуб Северный белый 32 класс толщина 8 мм с фаской,Самоделка,7700
Дерево волокнистая плита Дуб Винтаж 1200х620х3 мм светло-коричневый,Деревянные изделия,7950
Ламинат Канди Дизайн 33 класс толщина 8 мм с фаской,Декор и отделка,8200
Ламинат с натуральным шпоном Дуб Эксперт толщина 6 мм с фаской,Паркет,8450
"Бетонная плитка Красный кирпич 20x6,5 см",Дом и сад,8700
Ламинат Канди Дизайн 33 класс толщина 8 мм с фаской,Легкий шаг,8950
Дерево волокнистая плита Дуб Винтаж 1200х620х3 мм светло-коричневый,СтройМатериалы,9200
Плитка Мозаика 10x10 см цвет белый глянец,Мир отделки,1300
Пробковое настенное покрытие 600х300х3 мм белый,Технологии комфорта,1500
Пробковое настенное покрытие 600х300х3 мм белый,Твой дом,1700
Плита ДСП Кантри 16 мм 900x1200 мм,Новые краски,1900
Дерево волокнистая плита Дуб Винтаж 1200х620х3 мм светло-коричневый,Политехник,2100
Плита ДСП 11 мм влагостойкая 594x1815 мм,СтройАрсенал,2300
Стеновая панель МДФ Сосна Полярная 60х280х4мсм цвет коричневый,Декор и порядок,2500
Стеновая панель МДФ Сосна Полярная 60х280х4мсм цвет коричневый,Умные решения,2700
Плита ДСП Кантри 16 мм 900x1200 мм,Натуральные покрытия,2900
"Бетонная плитка Белый кирпич микс 30х7,3 см",СтройМастер,3100
"Клинкерная плитка коричневая 29,8х29,8 см",Гранит,3300
"Гипсовая плитка настенная Дом на берегу кирпич белый 18,5х4,5 см",Строитель,3500